NameP1;NameP2;WinnerID;ScoreP1;ScoreP2;NeedleP1;NeedleP2;BotsP1;BotsP2;ObjectifsP1;ObjectifsP2
2bdf4fcd-86f2-46a1-a848-b0a8c5440c68.dll;5b06e548-3f22-4852-ad9d-643296a005e8.dll;1;1271;605;4;1;31;4;3;1
2bdf4fcd-86f2-46a1-a848-b0a8c5440c68.dll;ae1e277a-67b5-4727-93b9-566dd7a86a3f.dll;1;3585;900;17;10;40;23;5;4
2bdf4fcd-86f2-46a1-a848-b0a8c5440c68.dll;ce20b6da-5dd2-42f8-b99d-8387f338d39a.dll;1;4245;3280;17;13;40;33;5;4
5b06e548-3f22-4852-ad9d-643296a005e8.dll;2bdf4fcd-86f2-46a1-a848-b0a8c5440c68.dll;2;605;3070;1;14;4;40;1;4
5b06e548-3f22-4852-ad9d-643296a005e8.dll;ae1e277a-67b5-4727-93b9-566dd7a86a3f.dll;2;0;930;0;16;0;29;0;4
5b06e548-3f22-4852-ad9d-643296a005e8.dll;ce20b6da-5dd2-42f8-b99d-8387f338d39a.dll;2;0;3050;0;10;0;28;0;4
ae1e277a-67b5-4727-93b9-566dd7a86a3f.dll;2bdf4fcd-86f2-46a1-a848-b0a8c5440c68.dll;2;890;3680;8;17;21;40;4;5
ae1e277a-67b5-4727-93b9-566dd7a86a3f.dll;5b06e548-3f22-4852-ad9d-643296a005e8.dll;1;930;605;16;1;29;9;4;1
ae1e277a-67b5-4727-93b9-566dd7a86a3f.dll;ce20b6da-5dd2-42f8-b99d-8387f338d39a.dll;2;935;3930;17;15;30;33;4;4
ce20b6da-5dd2-42f8-b99d-8387f338d39a.dll;2bdf4fcd-86f2-46a1-a848-b0a8c5440c68.dll;2;3385;3990;15;12;33;36;4;5
ce20b6da-5dd2-42f8-b99d-8387f338d39a.dll;5b06e548-3f22-4852-ad9d-643296a005e8.dll;1;2395;605;8;1;26;7;4;1
ce20b6da-5dd2-42f8-b99d-8387f338d39a.dll;ae1e277a-67b5-4727-93b9-566dd7a86a3f.dll;1;3710;940;14;18;32;31;4;4


Name;Points;TotalScore;TotalNeedles;TotalBots
2bdf4fcd-86f2-46a1-a848-b0a8c5440c68.dll;6;19841;81;227
5b06e548-3f22-4852-ad9d-643296a005e8.dll;0;2420;4;24
ae1e277a-67b5-4727-93b9-566dd7a86a3f.dll;2;5525;85;163
ce20b6da-5dd2-42f8-b99d-8387f338d39a.dll;4;19750;75;185
