NameP1;NameP2;WinnerID;ScoreP1;ScoreP2;NeedleP1;NeedleP2;BotsP1;BotsP2;ObjectifsP1;ObjectifsP2
1c1b0f7c-825c-43f5-8934-c24eeff5796f.dll;75846f14-80b1-478e-92a8-4ec5e3d10fd5.dll;2;2450;5750;5;23;30;39;5;5
1c1b0f7c-825c-43f5-8934-c24eeff5796f.dll;d23c0b10-d113-4379-84eb-0d0c6fd21c31.dll;2;2900;4810;9;18;34;40;5;4
1c1b0f7c-825c-43f5-8934-c24eeff5796f.dll;f7c1a9f3-9aaa-48eb-9a2d-cc36dc412e96.dll;2;2450;4815;5;19;30;40;5;4
75846f14-80b1-478e-92a8-4ec5e3d10fd5.dll;1c1b0f7c-825c-43f5-8934-c24eeff5796f.dll;1;5750;2450;23;5;39;30;5;5
75846f14-80b1-478e-92a8-4ec5e3d10fd5.dll;d23c0b10-d113-4379-84eb-0d0c6fd21c31.dll;1;4870;4150;28;15;38;38;5;4
75846f14-80b1-478e-92a8-4ec5e3d10fd5.dll;f7c1a9f3-9aaa-48eb-9a2d-cc36dc412e96.dll;1;5090;3930;33;16;39;40;5;4
d23c0b10-d113-4379-84eb-0d0c6fd21c31.dll;1c1b0f7c-825c-43f5-8934-c24eeff5796f.dll;1;4810;2450;18;5;40;30;4;5
d23c0b10-d113-4379-84eb-0d0c6fd21c31.dll;75846f14-80b1-478e-92a8-4ec5e3d10fd5.dll;2;1020;4695;1;25;23;39;3;5
d23c0b10-d113-4379-84eb-0d0c6fd21c31.dll;f7c1a9f3-9aaa-48eb-9a2d-cc36dc412e96.dll;1;3950;2395;18;8;40;37;4;4
f7c1a9f3-9aaa-48eb-9a2d-cc36dc412e96.dll;1c1b0f7c-825c-43f5-8934-c24eeff5796f.dll;1;4815;2450;19;5;40;30;4;5
f7c1a9f3-9aaa-48eb-9a2d-cc36dc412e96.dll;75846f14-80b1-478e-92a8-4ec5e3d10fd5.dll;2;2170;4910;19;27;40;39;4;5
f7c1a9f3-9aaa-48eb-9a2d-cc36dc412e96.dll;d23c0b10-d113-4379-84eb-0d0c6fd21c31.dll;2;3930;4590;16;17;40;40;4;4


Name;Points;TotalScore;TotalNeedles;TotalBots
1c1b0f7c-825c-43f5-8934-c24eeff5796f.dll;0;15150;34;184
75846f14-80b1-478e-92a8-4ec5e3d10fd5.dll;6;31065;159;233
d23c0b10-d113-4379-84eb-0d0c6fd21c31.dll;4;23330;87;221
f7c1a9f3-9aaa-48eb-9a2d-cc36dc412e96.dll;2;22055;97;237
