NameP1;NameP2;WinnerID;ScoreP1;ScoreP2;NeedleP1;NeedleP2;BotsP1;BotsP2;ObjectifsP1;ObjectifsP2
424d541d-f1e2-4db0-aefc-381a1ae960df.dll;82eecb51-049a-4d01-ac52-e7d4087460d7.dll;2;400;4490;0;24;1;40;1;2
424d541d-f1e2-4db0-aefc-381a1ae960df.dll;b9fed372-f512-4e1a-99d3-c57df939086f.dll;2;400;4840;0;23;1;40;1;4
82eecb51-049a-4d01-ac52-e7d4087460d7.dll;424d541d-f1e2-4db0-aefc-381a1ae960df.dll;1;5005;400;24;0;40;1;3;1
82eecb51-049a-4d01-ac52-e7d4087460d7.dll;b9fed372-f512-4e1a-99d3-c57df939086f.dll;1;3690;3080;19;21;39;40;3;4
b9fed372-f512-4e1a-99d3-c57df939086f.dll;424d541d-f1e2-4db0-aefc-381a1ae960df.dll;1;4840;400;22;0;40;1;4;1
b9fed372-f512-4e1a-99d3-c57df939086f.dll;82eecb51-049a-4d01-ac52-e7d4087460d7.dll;2;3080;4120;21;19;40;39;4;3


Name;Points;TotalScore;TotalNeedles;TotalBots
424d541d-f1e2-4db0-aefc-381a1ae960df.dll;0;1600;0;4
82eecb51-049a-4d01-ac52-e7d4087460d7.dll;4;17305;86;158
b9fed372-f512-4e1a-99d3-c57df939086f.dll;2;15840;87;160
