NameP1;NameP2;WinnerID;ScoreP1;ScoreP2;NeedleP1;NeedleP2;BotsP1;BotsP2;ObjectifsP1;ObjectifsP2
40eac426-9cbd-416b-88b2-71ca640ef045.dll;41a17cd5-8723-4fbc-8250-d6f91f065c54.dll;1;3550;3520;10;18;25;36;5;4
40eac426-9cbd-416b-88b2-71ca640ef045.dll;574c72dc-f9ac-42e5-99fc-4421296e38d7.dll;1;4210;2180;13;15;30;31;5;1
40eac426-9cbd-416b-88b2-71ca640ef045.dll;af0e3196-9dc1-41d9-bb97-6d55e9af861b.dll;2;4210;4546;13;20;29;37;5;4
41a17cd5-8723-4fbc-8250-d6f91f065c54.dll;40eac426-9cbd-416b-88b2-71ca640ef045.dll;1;3955;3110;19;8;38;25;4;5
41a17cd5-8723-4fbc-8250-d6f91f065c54.dll;574c72dc-f9ac-42e5-99fc-4421296e38d7.dll;1;3435;1080;21;10;40;25;3;1
41a17cd5-8723-4fbc-8250-d6f91f065c54.dll;af0e3196-9dc1-41d9-bb97-6d55e9af861b.dll;1;3955;3490;19;26;37;39;4;4
574c72dc-f9ac-42e5-99fc-4421296e38d7.dll;40eac426-9cbd-416b-88b2-71ca640ef045.dll;2;2185;4290;16;14;31;30;1;5
574c72dc-f9ac-42e5-99fc-4421296e38d7.dll;41a17cd5-8723-4fbc-8250-d6f91f065c54.dll;2;1080;3535;10;23;25;35;1;4
574c72dc-f9ac-42e5-99fc-4421296e38d7.dll;af0e3196-9dc1-41d9-bb97-6d55e9af861b.dll;2;2370;4382;10;25;25;39;1;4
af0e3196-9dc1-41d9-bb97-6d55e9af861b.dll;40eac426-9cbd-416b-88b2-71ca640ef045.dll;2;3757;4210;18;13;37;29;4;5
af0e3196-9dc1-41d9-bb97-6d55e9af861b.dll;41a17cd5-8723-4fbc-8250-d6f91f065c54.dll;1;3826;3080;14;16;38;39;4;4
af0e3196-9dc1-41d9-bb97-6d55e9af861b.dll;574c72dc-f9ac-42e5-99fc-4421296e38d7.dll;1;4490;2370;27;10;39;25;4;1


Name;Points;TotalScore;TotalNeedles;TotalBots
40eac426-9cbd-416b-88b2-71ca640ef045.dll;4;23580;71;168
41a17cd5-8723-4fbc-8250-d6f91f065c54.dll;4;21480;116;225
574c72dc-f9ac-42e5-99fc-4421296e38d7.dll;0;11265;71;162
af0e3196-9dc1-41d9-bb97-6d55e9af861b.dll;4;24491;130;229
