<?xml version="1.0"?>
<doc>
    <assembly>
        <name>VG.Common</name>
    </assembly>
    <members>
        <member name="T:VG.Common.NanoBotInfoCollection">
            <summary>
            Typed collection of NanobotInfo. Used by OtherNanobotsInfo property of the player
            </summary>
        </member>
        <member name="M:VG.Common.NanoBotInfoCollection.Add(VG.Common.NanoBotInfo)">
            <summary>
            Add a NanobotInfo in the collection
            </summary>
            <param name="info">NanobotInfo to add</param>
        </member>
        <member name="P:VG.Common.NanoBotInfoCollection.Item(System.Int32)">
            <summary>
            Get a NanobotInfo in the collection with its index
            </summary>
        </member>
        <member name="T:VG.Common.NanoBotInfo">
            <summary>
            This structure reflect the state of a Nanobot
            </summary>
        </member>
        <member name="M:VG.Common.NanoBotInfo.IsVisibleFromPlayer(System.Int32)">
            <summary>
            Indicate if PlayerID see this bot
            </summary>
            <param name="playerID"></param>
            <returns>true if visible</returns>
        </member>
        <member name="P:VG.Common.NanoBotInfo.InternalName">
            <summary>
            Name used for displaying name of the bot in the viewer
            </summary>
        </member>
        <member name="P:VG.Common.NanoBotInfo.ID">
            <summary>
            Unique ID
            </summary>
        </member>
        <member name="P:VG.Common.NanoBotInfo.PlayerID">
            <summary>
            ID of the player of the Nanobot associated to the NanobotInfo (not currently used)
            </summary>
        </member>
        <member name="P:VG.Common.NanoBotInfo.Location">
            <summary>
            Location of the associated Nanobot
            </summary>
        </member>
        <member name="P:VG.Common.NanoBotInfo.PointInfo">
            <summary>
            If a Nanobot move, defend , transfer or collect, this is the target point
            </summary>
        </member>
        <member name="P:VG.Common.NanoBotInfo.Stock">
            <summary>
            Number of AZN inside the container of the associated Nanobot
            </summary>
        </member>
        <member name="P:VG.Common.NanoBotInfo.State">
            <summary>
            Current state of the associated Nanobot
            </summary>
        </member>
        <member name="P:VG.Common.NanoBotInfo.HitPoint">
            <summary>
            Current hit points of the associated Nanobot
            </summary>
        </member>
        <member name="P:VG.Common.NanoBotInfo.NanoBotType">
            <summary>
            Base Type of the associated Nanobot
            </summary>
        </member>
        <member name="T:VG.Mission.NavPoint">
            <exclude/>
        </member>
        <member name="P:VG.Mission.NavPoint.Location">
            <summary>
            Where the goal must be accomplish
            </summary>
            <remarks>If Point == Point.Empty, no matter where bot is</remarks>
        </member>
        <member name="P:VG.Mission.NavPoint.Stock">
            <summary>
            Stock of the bot when goal is accomplished
            </summary>
            <remarks>If set to -1, no matter the stock of the bot</remarks>
        </member>
        <member name="P:VG.Mission.NavPoint.StartTurn">
            <summary>
            Which Turn
            </summary>
        </member>
        <member name="T:VG.Common.WhatToDoNextEventHandler">
            <summary>
            Delegate used each turn in the game.
            </summary>
        </member>
        <member name="T:VG.Common.ChooseInjectionPointEventHandler">
            <summary>
            Delegate used at the beginning of the game to let player choose his Injection Point.
            </summary>
        </member>
        <member name="T:VG.Common.Player">
            <summary>
            Class representing a player
            </summary>
            <remarks>
            Every player must create a (and only one) class that inherits Player.
            Each turn of a party, WhatToDoNextEvent event is fired. 
            </remarks>
        </member>
        <member name="M:VG.Common.Player.#ctor">
            <summary>
            Constructor
            </summary>
        </member>
        <member name="M:VG.Common.Player.#ctor(System.String,System.Int32)">
            <summary>
            Constructor you must create
            </summary>
            <param name="name">name of the player</param>
            <param name="ID">ID of the player</param>
        </member>
        <member name="M:VG.Common.Player.ChooseInjectionPointForDefender">
            <summary>
            Only used for Defender
            </summary>
        </member>
        <member name="M:VG.Common.Player.ToString">
            <summary>
            Overloads of ToString method
            </summary>
            <returns>Name followed by ID</returns>
        </member>
        <member name="E:VG.Common.Player.WhatToDoNextEvent">
            <summary>
            Event generated each turn
            </summary>
        </member>
        <member name="E:VG.Common.Player.ChooseInjectionPointEvent">
            <summary>
            Event generated at the beginning of the game to choose where you want to be injected
            </summary>
        </member>
        <member name="P:VG.Common.Player.Flag">
            <summary>
            Bitmap used in Viewers.
            </summary>
            <remarks>Must be a 64*64 bmp file</remarks>
        </member>
        <member name="P:VG.Common.Player.IsAIDead">
            <summary>
            Indicate if your AI have been destroyed
            </summary>
        </member>
        <member name="P:VG.Common.Player.Winner">
            <summary>
            Indicate if you are a winner at the end of the game
            </summary>
        </member>
        <member name="P:VG.Common.Player.InjectionPointWanted">
            <summary>
            Point where you want to be injected.
            </summary>
            <remarks>This property is used only in the ChooseInjectionPoint event</remarks>
        </member>
        <member name="P:VG.Common.Player.PlayerID">
            <summary>
            ID of the player
            </summary>
            <remarks>Not used</remarks>
        </member>
        <member name="P:VG.Common.Player.Name">
            <summary>
            Name of the player
            </summary>
        </member>
        <member name="P:VG.Common.Player.NanoBots">
            <summary>
            Typed collection of Nanobots of the player
            </summary>
        </member>
        <member name="P:VG.Common.Player.OtherNanoBotsInfo">
            <summary>
            Typed collection of other entities visible by your Nanobots (white cells)
            </summary>
        </member>
        <member name="P:VG.Common.Player.Thinking">
            <summary>
            Used by GameEngine
            </summary>
        </member>
        <member name="P:VG.Common.Player.InjectionPoint">
            <summary>
            Point where you are injected.
            </summary>
            <remarks>In ChooseInjectionPoint Event, you set InjectionPointWanted to choose where you want to go. If it is an invalid point, GameEngine choose a point for you (and near to White cells!!!)</remarks>
        </member>
        <member name="P:VG.Common.Player.Tissue">
            <summary>
            Reference to the Tissue
            </summary>
        </member>
        <member name="P:VG.Common.Player.NanoBotTypes">
            <summary>
            Collection of types of Nanobots in your assembly. Used by GameEngine
            </summary>
        </member>
        <member name="P:VG.Common.Player.Score">
            <summary>
            Score of your player. See Score property of NanoNeedle to know how it is calculated
            </summary>
        </member>
        <member name="P:VG.Common.Player.CurrentTurn">
            <summary>
            Current Turn in the Game
            </summary>
        </member>
        <member name="P:VG.Common.Player.LogText">
            <summary>
            Text that appear in Log window in viewer (if log enabled)
            </summary>
        </member>
        <member name="P:VG.Common.Player.PierreTeamInjectionPoint">
            <summary>
            Injection Point of Pierre Team. Known at the beginning of the game
            </summary>
        </member>
        <member name="P:VG.Common.Player.AI">
            <summary>
            NanoAI of your team
            </summary>
            <remarks>There is only one NanoAI in the team. If it is destroyed, you loose the game</remarks>
        </member>
        <member name="T:VG.Common.PathFinder">
            <exclude />
        </member>
        <member name="T:VG.Common.NanoBotState">
            <summary>
            State of the Nanobot
            </summary>
        </member>
        <member name="F:VG.Common.NanoBotState.WaitingOrders">
            <summary>
            Nanobot is still. It wait for orders
            </summary>
        </member>
        <member name="F:VG.Common.NanoBotState.Moving">
            <summary>
            Nanobot is moving. You can't assign him new orders. Its property PointInfo is the location where it is moving.
            To know points of its path, use PathPoints(index) methode of the NanoMoveable.
            </summary>
        </member>
        <member name="F:VG.Common.NanoBotState.Defending">
            <summary>
            Nanobot is defending. You can't assign him new orders. Its property PointInfo is the location where it is defending.
            </summary>
        </member>
        <member name="F:VG.Common.NanoBotState.Collecting">
            <summary>
            Nanobot is collecting AZN. You can't assign him new orders. Its property PointInfo is the location where AZN Injection point must be.
            </summary>
        </member>
        <member name="F:VG.Common.NanoBotState.TransferingStock">
            <summary>
            Nanobot is transfering its AZN to a NanoNeedle. You can't assign him new orders. Its property PointInfo is the location where NAnoNeedle must be.
            </summary>
        </member>
        <member name="F:VG.Common.NanoBotState.Building">
            <summary>
            Nanobot is building a new Nanobot. You can't assign him new orders.
            </summary>
            <remarks>Only NanoAI can build other bots</remarks>
        </member>
        <member name="T:VG.Mission.BaseObjective">
            <exclude/>
        </member>
        <member name="P:VG.Mission.BaseObjective.Description">
            <summary>
            Description of the objective
            </summary>
        </member>
        <member name="P:VG.Mission.UniqueNavigationObjective.NanoBotType">
            <summary>
            Type of the bot that must accomplish the different goals
            </summary>
            <remarks>If set to UNknown, any bot can accomplish the goals</remarks>
        </member>
        <member name="P:VG.Mission.UniqueNavigationObjective.NavPoints">
            <summary>
            Collection of goals to be accomplished by the bot
            </summary>
        </member>
        <member name="P:VG.Mission.UniqueNavigationObjective.Description">
            <summary>
            Full description of the mission. Appear in 3D Viewer also.
            </summary>
        </member>
        <member name="P:VG.Mission.NeuroControllerObjective.StartTurn">
            <summary>
            Which Turn
            </summary>
        </member>
        <member name="P:VG.Mission.NeuroControllerObjective.NumberOfNeuroControler">
            <summary>
            Number of NeuroController that must remain after turn AfterTurn 
            </summary>
        </member>
        <member name="T:VG.Common.VGException">
            <summary>
            Exceptions used by GameEngine
            </summary>
        </member>
        <member name="M:VG.Common.VGException.#ctor(System.String)">
            <summary>
            Constructor
            </summary>
            <param name="Message">Error message</param>
        </member>
        <member name="T:VG.Common.Recorder.GameOverEventArgs">
            <summary>
            Class used by GameOverEvent.
            </summary>
        </member>
        <member name="T:VG.Common.Recorder.NewTurnEventArgs">
            <exclude/>
        </member>
        <member name="T:VG.Common.NanoNeedle">
            <summary>
            Class representing a NanoNeedle
            </summary>
        </member>
        <member name="T:VG.Common.NanoDefender">
            <summary>
            Abstract class representing a Nanobot that can defend itself (NanoCollector, NanoNeedle)
            </summary>
        </member>
        <member name="T:VG.Common.NanoBot">
            <summary>
            Base class (abstract) for all Nanobots.
            </summary>
        </member>
        <member name="M:VG.Common.NanoBot.#ctor">
            <summary>
            Constructor. In the constructor, Game Engine read and validate characteristics of the Nanobot. 
            It create too a unique Guid for it.
            </summary>
        </member>
        <member name="M:VG.Common.NanoBot.ForceAutoDestruction">
            <summary>
            Allow you to destroy your Nanobot directly
            </summary>
            <returns>Always true</returns>
        </member>
        <member name="P:VG.Common.NanoBot.InternalName">
            <summary>
            Name used by the Viewer to show the name of the bot
            </summary>
        </member>
        <member name="P:VG.Common.NanoBot.NanoBotType">
            <summary>
            return the type of the Nanobot.
            </summary>
        </member>
        <member name="P:VG.Common.NanoBot.ID">
            <summary>
            Unique Guid for this Nanobot (you can identify it with this Guid)
            </summary>
        </member>
        <member name="P:VG.Common.NanoBot.PlayerID">
            <summary>
            ID of the Player (not used...actually)
            </summary>
        </member>
        <member name="P:VG.Common.NanoBot.Location">
            <summary>
            Point on the map where is located the Nanobot
            </summary>
        </member>
        <member name="P:VG.Common.NanoBot.PointInfo">
            <summary>
            Point used for different operation. While moving, it is the point at the end of the movement. 
            While defending, it is the point where it shoot. 
            While Transfering, it must be the location of the NanoNeedle where it want to tranfer AZN. 
            While Collecting, it must be the point where AZN Injection point is.
            </summary>
        </member>
        <member name="P:VG.Common.NanoBot.Stock">
            <summary>
            Number of AZN in its container.
            </summary>
        </member>
        <member name="P:VG.Common.NanoBot.State">
            <summary>
            State of the Nanobot
            </summary>
        </member>
        <member name="P:VG.Common.NanoBot.HitPoint">
            <summary>
            Number of hit points of the Nanobot. If equal or less than 0, it is destroyed.
            </summary>
        </member>
        <member name="P:VG.Common.NanoBot.PlayerOwner">
            <summary>
            Reference to the Player instance owner of this Nanobot
            </summary>
        </member>
        <member name="P:VG.Common.NanoBot.ContainerCapacity">
            <summary>
            Maximum number of AZN this Nanobot can carry
            </summary>
        </member>
        <member name="P:VG.Common.NanoBot.CollectTransfertSpeed">
            <summary>
            Number of AZN transfered while collecting or transfering in one turn.
            </summary>
        </member>
        <member name="P:VG.Common.NanoBot.Scan">
            <summary>
            Scan distance. If an enemie is nearer than this value, it is seen by this Nanobot (and added to the OtherNanobotsInfo property of the Player)
            </summary>
        </member>
        <member name="P:VG.Common.NanoBot.MaxDamage">
            <summary>
            Maximum numbers of damage of defense in one turn. Number of damage is determined randomly by the Game Engine at each turn of a defense. This number is between 0 and MaxDamage.
            </summary>
        </member>
        <member name="P:VG.Common.NanoBot.DefenseDistance">
            <summary>
            Maximum distance of a defense. If Nanobot try to defend greater than this value, defense is not valid (and canceled)
            </summary>
        </member>
        <member name="P:VG.Common.NanoBot.Constitution">
            <summary>
            Number of hit points of the Nanobot when it is created.
            </summary>
        </member>
        <member name="P:VG.Common.NanoBot.NanoBotInfo">
            <summary>
            Informations about the Nanobot.
            </summary>
            <remarks>This is the informations you have of other entities in the game you can access in OtherNanobotsInfo property of the Player</remarks>
        </member>
        <member name="M:VG.Common.NanoDefender.DefendTo(System.Drawing.Point,System.Int32)">
            <summary>
            Use this method to defend a location
            </summary>
            <param name="to">Point you want to defend</param>
            <param name="NTurn">Number of turn you defend</param>
            <returns>Return always true if state is equal to WaitingOrders AND distance is lower than DefenseDistance</returns>
            <remarks>Next turn, Game Engine will 
            check for each entities near the NanobotDefender. If distance is lower than DefenseDistance, </remarks>
        </member>
        <member name="P:VG.Common.NanoDefender.NbrTourAttaque">
            <summary>
            Nombre de tour restant durant lesquels le joueur pilonne un point
            </summary>
        </member>
        <member name="P:VG.Common.NanoNeedle.NanoBotType">
            <summary>
            return NanoBotTypeEnum.NanoNeedle
            </summary>
        </member>
        <member name="P:VG.Common.NanoNeedle.Score">
            <summary>
            Score of this NanoNeedle.
            </summary>
            <remarks>Calculation of the score is: 
            If NanoNeedle is on a HoshimiPoint and contain AZN, equal VG.Common.Utils.ValidNeedleScore + Stock * VG.Common.Utils.AZNScore (see config files for values) 
            If not on a HoshimiPoint, return VG.Common.Utils.NeedleScore</remarks>
        </member>
        <member name="P:VG.Common.NanoNeedle.BuildOnHoshimiPoint">
            <summary>
            Return true if the NanoNeedle is on a HoshimiPoint
            </summary>
        </member>
        <member name="T:VG.Common.NanoExplorer">
            <summary>
            Class representing a NanoExplorer.
            </summary>
        </member>
        <member name="T:VG.Common.NanoMoveable">
            <summary>
            Abstract class representing a NanoMoveable
            </summary>
        </member>
        <member name="M:VG.Common.NanoMoveable.MoveTo(System.Drawing.Point)">
            <summary>
            Use this method to move your NanoMoveable
            </summary>
            <param name="to">POint where you want to go</param>
            <returns>If movement is possible, return true.</returns>
            <remarks>When you call this method, Game Engine calculate of points of the path to go to 'to' Point. 
            If it is impossible (not in a vessel), it set state to WaitingOrders and return false. 
            If path is too long (ie greater than VG.Common.Utils.MaxPointsPath, see config file), , it set state to WaitingOrders and return false. 
            Either, movement start next turn.</remarks>
        </member>
        <member name="M:VG.Common.NanoMoveable.MoveTo(System.Drawing.Point[])">
            <summary>
            Allow you to directly set the path of the bots
            </summary>
            <param name="path">Array of points</param>
            <returns>false if state is not WaitingOrders or path null or path empty</returns>
        </member>
        <member name="M:VG.Common.NanoMoveable.PathPoint(System.Int32)">
            <summary>
            Obtain a point of the path
            </summary>
            <param name="index">Index of the point in the path</param>
            <returns>Point of the path</returns>
            <remarks>If index is not valid (less than 0 or more or equal than PathCount), return Point.Empty.</remarks>
        </member>
        <member name="P:VG.Common.NanoMoveable.PathCount">
            <summary>
            Number of points to arrive to 'to' point.
            </summary>
        </member>
        <member name="P:VG.Common.NanoExplorer.NanoBotType">
            <summary>
            return NanoBotTypeEnum.NanoExplorer
            </summary>
        </member>
        <member name="T:VG.Common.PlayerValidator">
            <summary>
            Validate a player
            </summary>
        </member>
        <member name="M:VG.Common.PlayerValidator.ValidatePlayer(System.String,System.Int32)">
            <summary>
            Analyse your assembly.
            </summary>
            <param name="sFileName">file name of the assembly containing the player and Nanobots</param>
            <param name="ID">not used</param>
            <returns>a reference to the player object created if valid. Either, return Nothing (null in C#)</returns>
            <remarks>Assembly must contain one and no more type of player type. All Nanobots inside the assembly must be valid too (even if they are not used)</remarks>
        </member>
        <member name="T:VG.Common.NanoCollector">
            <summary>
            Class representing a NanobotCollector
            </summary>
            <remarks>A NanoCollector can move, defend, transfer and collect AZN</remarks>
        </member>
        <member name="M:VG.Common.NanoCollector.TransferTo(System.Drawing.Point,System.Int32)">
            <summary>
            Use this method to transfer AZN from your NanobotCollector to a NanoNeedle
            </summary>
            <param name="to">Point where must be located the NanoNeedle</param>
            <param name="NTurn">Number of turn of the transfer</param>
            <returns>Return always true if NanobotCollector is WaitingOrders</returns>
            <remarks>Next turn, the Game Engine will know that you want to transfer AZN from your NanoCollector to a NanoNeedle. 
            Game Engine will check if a NanoNeedle is in the location wanted and if so, if there is enought place in its container. 
            Game Engine will also check if you are nearer than DistanceTransferDistance.  
            If no, next turn, no transfer will occur and state of the NanobotCollector will be set to WaitingOrders</remarks>
        </member>
        <member name="M:VG.Common.NanoCollector.CollectFrom(System.Drawing.Point,System.Int32)">
            <summary>
            Use this method to collect AZN from a AZN Injection Point to your NanoCollector. 
            </summary>
            <param name="to">Point where must be located the AZN Injection point</param>
            <param name="NTurn">Number of turn of the collecting process</param>
            <returns>Next turn, the Game Engine will know that you want to collect AZN.
            Game Engine will check if there is a AZN Injection point in the location wanted and if you have enough place in the container of the NanobotCollector.
            Game Engine will also check if you are nearer than DistanceTransferDistance. 
            If no, next turn, no collect process will occur and state of the NanobotCollector will be set to WaitingOrders.
            </returns>
        </member>
        <member name="P:VG.Common.NanoCollector.NanoBotType">
            <summary>
            Return  NanoBotTypeEnum.NanoCollector
            </summary>
        </member>
        <member name="T:VG.Core.Log">
            <summary>
            Class representing the log system in the GameEngine.
            </summary>
            <remarks>Viewers can used events from the log system to show informations</remarks>
        </member>
        <member name="M:VG.Core.Log.#ctor">
            <summary>
            Constructor
            </summary>
            <remarks>In the constructor, StartDate is set to DateTime.Now</remarks>
        </member>
        <member name="M:VG.Core.Log.ToString">
            <summary>
            Return a line for each LogItem with LogItem.ToString()
            </summary>
            <returns></returns>
        </member>
        <member name="M:VG.Core.Log.OnItemInserted(VG.Core.LogItemInsertedEventArgs)">
            <exclude/>
        </member>
        <member name="P:VG.Core.Log.Items">
            <summary>
            Collection of LogItem in the log
            </summary>
        </member>
        <member name="P:VG.Core.Log.Separator">
            <summary>
            Separator used for separation between fields in the logItem
            </summary>
            <remarks>Default is ';'</remarks>
        </member>
        <member name="P:VG.Core.Log.StartDate">
            <summary>
            Initial date for stamp of all logItems
            </summary>
        </member>
        <member name="E:VG.Core.Log.LogItemInserted">
            <exclude/>
        </member>
        <member name="T:VG.Core.LogItemInsertedEventHandler">
            <summary>
            Delegate used by LogItemInserted Event
            </summary>
        </member>
        <member name="T:VG.Core.LogItemInsertedEventArgs">
            <summary>
            EventArgs containing informations about the LogItem added in the LogItemInserted Event
            </summary>
        </member>
        <member name="M:VG.Core.LogItemInsertedEventArgs.#ctor(VG.Core.LogItem)">
            <summary>
            Constructor
            </summary>
            <param name="item">LogItem added</param>
        </member>
        <member name="P:VG.Core.LogItemInsertedEventArgs.Item">
            <summary>
            LogItem added
            </summary>
        </member>
        <member name="T:VG.Core.LogItem">
            <summary>
            Class representing informations added to the log system
            </summary>
        </member>
        <member name="M:VG.Core.LogItem.#ctor">
            <summary>
            Default constructor. TimeStamp of the LogItem is DateTime.Now
            </summary>
        </member>
        <member name="M:VG.Core.LogItem.#ctor(VG.Core.LogItemCategory,System.String,System.String)">
            <summary>
            Constructor
            </summary>
            <param name="category">Category of your choice of the LogItem</param>
            <param name="sender">Name of the sender that add this LogItem</param>
            <param name="description">More informations about the LogItem</param>
        </member>
        <member name="M:VG.Core.LogItem.#ctor(System.String,System.String)">
            <summary>
            Constructor
            </summary>
            <param name="sender">Name of the sender that add this LogItem</param>
            <param name="description">More informations about the LogItem</param>
            <remarks>Category is set to Information</remarks>
        </member>
        <member name="M:VG.Core.LogItem.#ctor(System.String)">
            <summary>
            Constructor
            </summary>
            <param name="description">More informations about the LogItem</param>
            <remarks>Category is set to Information and sender is set to String.Empty</remarks>
        </member>
        <member name="M:VG.Core.LogItem.ToString">
            <summary>
            Return a string representing the LogItem
            </summary>
            <returns>return DateFromStart (in ms) + Category + Sender + Description, all seperated by LogOwner separator (default ';')</returns>
        </member>
        <member name="P:VG.Core.LogItem.LogOwner">
            <summary>
            reference to the Log object
            </summary>
        </member>
        <member name="P:VG.Core.LogItem.Category">
            <summary>
            Category of the LogItem
            </summary>
        </member>
        <member name="P:VG.Core.LogItem.Sender">
            <summary>
            Sender of the LogItem
            </summary>
        </member>
        <member name="P:VG.Core.LogItem.Description">
            <summary>
            Description of the LogItem
            </summary>
        </member>
        <member name="P:VG.Core.LogItem.InsertDate">
            <summary>
            Date when the LogItem is created
            </summary>
        </member>
        <member name="P:VG.Core.LogItem.DateFromStart">
            <summary>
            TimeSpan between date when the LogItem is created and StartDate of the LogOwner (type Log)
            </summary>
        </member>
        <member name="T:VG.Core.LogItemCollection">
            <summary>
            Typed collection of LogItem
            </summary>
        </member>
        <member name="M:VG.Core.LogItemCollection.#ctor(VG.Core.Log)">
            <summary>
            Constructor
            </summary>
            <param name="owner">Log object that own this collection</param>
        </member>
        <member name="M:VG.Core.LogItemCollection.Add(VG.Core.LogItem)">
            <summary>
            Add a logItem to the collection
            </summary>
            <param name="item">LogItem</param>
            <returns>number of LogItem in the collection</returns>
        </member>
        <member name="M:VG.Core.LogItemCollection.Add(VG.Core.LogItemCategory,System.String,System.String)">
            <summary>
            Add a logItem to the collection
            </summary>
            <param name="category">Category of the LogItem</param>
            <param name="sender">Sender of the LogItem</param>
            <param name="description">Description of the LogItem</param>
            <returns>number of LogItem in the collection</returns>
        </member>
        <member name="M:VG.Core.LogItemCollection.Add(System.String,System.String)">
            <summary>
            Add a logItem to the collection
            </summary>
            <param name="sender">Sender of the LogItem</param>
            <param name="description">Description of the LogItem</param>
            <returns>number of LogItem in the collection</returns>
        </member>
        <member name="M:VG.Core.LogItemCollection.Add(System.String)">
            <summary>
            Add a logItem to the collection
            </summary>
            <param name="description">Description of the LogItem</param>
            <returns>number of LogItem in the collection</returns>
        </member>
        <member name="P:VG.Core.LogItemCollection.Owner">
            <summary>
            Owner (Log type) of the collection
            </summary>
        </member>
        <member name="P:VG.Core.LogItemCollection.Item(System.Int32)">
            <summary>
            Return a LogItem from the collection with its index
            </summary>
            <remarks>If index is not valid, return null (Nothing in VB .NET)</remarks>
        </member>
        <member name="T:VG.Core.LogItemCategory">
            <summary>
            Different type of Category
            </summary>
        </member>
        <member name="F:VG.Core.LogItemCategory.Information">
            <summary>
            Not important, just information
            </summary>
        </member>
        <member name="F:VG.Core.LogItemCategory.Important">
            <summary>
            Important information
            </summary>
        </member>
        <member name="F:VG.Core.LogItemCategory.Critical">
            <summary>
            Critical information
            </summary>
        </member>
        <member name="T:VG.Common.NanoBotTypeCollection">
            <exclude />
        </member>
        <member name="M:VG.Common.NanoBotTypeCollection.Add(System.Type)">
            <summary>
            Ajoute le type dérivant de Element dans la collection
            </summary>
            <param name="type">Le type ajouté</param>
            <remarks>Si le type ne dérive pas de Element, il n'est pas ajouté dans la collection. Aucune exception n'est levée</remarks>
        </member>
        <member name="P:VG.Common.NanoBotTypeCollection.Item(System.Int32)">
            <summary>
            Retourne le type de la collection suivant son index
            </summary>
        </member>
        <member name="T:VG.Core.GameOverEventHandler">
            <summary>
            Delegate used by GameOverEvent
            </summary>
        </member>
        <member name="T:VG.Core.GameEngine">
            <exclude />
        </member>
        <member name="M:VG.Core.GameEngine.#ctor">
            <summary>
            Empty constructor
            </summary>
        </member>
        <member name="M:VG.Core.GameEngine.OnNewTurn(VG.Common.Recorder.NewTurnEventArgs)">
            <summary>
            Déclenche l'évènement Nouveau tour
            </summary>
            <param name="e"></param>
        </member>
        <member name="M:VG.Core.GameEngine.StartGame">
            <summary>
            Indique si le jeu est démarré ou non
            </summary>
        </member>
        <member name="M:VG.Core.GameEngine.StopGame">
            <summary>
            Arrête le jeu
            </summary>
        </member>
        <member name="E:VG.Core.GameEngine.NewTurn">
            <summary>
            Evènement déclenché à chaque tour
            </summary>
        </member>
        <member name="P:VG.Core.GameEngine.Tissue">
            <summary>
            La planète utilisée dans la partie
            </summary>
        </member>
        <member name="P:VG.Core.GameEngine.GeneralLog">
            <summary>
            Log for external applications
            </summary>
        </member>
        <member name="T:VG.Common.Utils">
            <summary>
            Utils giving access to different parameters
            </summary>
        </member>
        <member name="M:VG.Common.Utils.IsPlayerDefender(VG.Common.Player)">
            <summary>
            Return true for White Cells team player
            </summary>
            <param name="player">reference to the player object</param>
            <returns></returns>
        </member>
        <member name="P:VG.Common.Utils.TransferingStockDistance">
            <summary>
            Maximal distance between AZNInjectionPoint and location of the NanoBotCollector.
            </summary>
            <remarks>TransferingStockDistance in config file</remarks>
        </member>
        <member name="P:VG.Common.Utils.ScanLength">
            <summary>
            Minimal distance of a scan of a Nanobot. Lenght of vision of a Nanobot is ScanLength + its Scan characteristic
            </summary>
            <remarks>ScanLength in config file</remarks>
        </member>
        <member name="P:VG.Common.Utils.DefenseLength">
            <summary>
            Distance between Nanobot and point to defend
            </summary>
            <remarks>DefenseLength in config file</remarks>
        </member>
        <member name="P:VG.Common.Utils.MaxPlayers">
            <summary>
            Maximal number of players
            </summary>
            <remarks>MaxPlayers in config file. Not used</remarks>
        </member>
        <member name="P:VG.Common.Utils.NumberOfTurnBetweenScan">
            <summary>
            Number of turn between each Scan.
            </summary>
            <remarks>NumberOfTurnBetweenScan in config file. Scan don't occur every turn so you must predict movement of other bots.</remarks>
        </member>
        <member name="P:VG.Common.Utils.NumberOfTurnBySecond">
            <summary>
            Number of turn in a second
            </summary>
            <remarks>NumberOfTurnBySecond in config file</remarks>
        </member>
        <member name="P:VG.Common.Utils.NbrMaxBots">
            <summary>
            Maximum number of Nanobots (including NanoAI) for your team
            </summary>
            <remarks>NbrMaxBots in config file</remarks>
        </member>
        <member name="P:VG.Common.Utils.NbrMaxWhiteCells">
            <summary>
            Maximum number of White cells in the game
            </summary>
            <remarks>NbrMaxWhiteCells in config file</remarks>
        </member>
        <member name="P:VG.Common.Utils.PartyLength">
            <summary>
            Length of a game in minute (5mn)
            </summary>
            <remarks>PartyLength in config file</remarks>
        </member>
        <member name="P:VG.Common.Utils.NumberOfTurnBetweenEvent">
            <summary>
            Number of turn between each WhatDoYouWantToDo events
            </summary>
            <remarks>NumberOfTurnBetweenEvent in config file</remarks>
        </member>
        <member name="P:VG.Common.Utils.DefenderName">
            <summary>
            Name of the assembly used for White Cells
            </summary>
            <remarks>DefenderName in config file</remarks>
        </member>
        <member name="P:VG.Common.Utils.NeedleScore">
            <summary>
            Score of a NanoNeedle which is not on a Hoshimi Point or that does not contain any AZN
            </summary>
            <remarks>NeedleScore in config file</remarks>
        </member>
        <member name="P:VG.Common.Utils.ValidNeedleScore">
            <summary>
            Score of a NanoNeedle on a HoshimiPoint and that contain one or more AZN
            </summary>
            <remarks>ValidNeedleScore in config file</remarks>
        </member>
        <member name="P:VG.Common.Utils.AZNScore">
            <summary>
            Score for each AZN in a valid NanoNeedle (ie on a HoshimiPoint)
            </summary>
            <remarks>AZNScore in config file</remarks>
        </member>
        <member name="P:VG.Common.Utils.Round0MinimalScore">
            <summary>
            Score needed to be qualified in first round
            </summary>
            <remarks>Round0MinimalScore in config file</remarks>
        </member>
        <member name="P:VG.Common.Utils.BlockerLength">
            <summary>
            Distance of field force of a NanoBlocker
            </summary>
            <remarks>BlockerLength in config file</remarks>
        </member>
        <member name="P:VG.Common.Utils.BlockerStrength">
            <summary>
            Number of turn added to AreaType speed when a White Cell is near a NanoBlocker
            </summary>
            <remarks>BlockerStrength in config file</remarks>
        </member>
        <member name="P:VG.Common.Utils.MaxPointsPath">
            <summary>
            Maximum number of cell for the path of a movement of a Nanobot.
            </summary>
            <remarks>MaxPointsPath in config file. If the GameEngine calculate a path that have more point than MaxPointsPath, NanoBot remain still</remarks>
            
        </member>
        <member name="T:VG.Common.NanoBlocker">
            <summary>
            Class for the NanoBlocker. NanoBlocker slow entities that are not in his team. 
            For example, if a White cell come near a NanoBlocker, it goes very slowly. 
            Length of its effect is in configuration file (BlockerLength). 
            Use Utils in VG.Common namespace to access this information. 
            Strength of the NanoBlocker is too in configuration file (BlockerStrength). 
            If a white cell is in a blocker area and that BlockerStrength equal 6, it take 6 turns more than usual to go through a cell.
            NanoBlocker can't move nor defend.
            </summary>
        </member>
        <member name="P:VG.Common.NanoBlocker.NanoBotType">
            <summary>
            Return NanoBotTypeEnum.NanoBlocker
            </summary>
        </member>
        <member name="T:VG.Common.CharacteristicsAttribute">
            <summary>
            Attribute used to choose characteristic of each type of bot
            </summary>
        </member>
        <member name="P:VG.Common.CharacteristicsAttribute.ContainerCapacity">
            <summary>
            Maximum number of AZN the Nanobot can hold
            </summary>
        </member>
        <member name="P:VG.Common.CharacteristicsAttribute.CollectTransfertSpeed">
            <summary>
            How many AZN can be transfer from a NanoCollector to a NanoNeedle or from AZN Injection Point to a NanoCollector
            </summary>
        </member>
        <member name="P:VG.Common.CharacteristicsAttribute.Scan">
            <summary>
            Bonus distance for seeing other entities (Scan +  VG.Common.Utils.ScanLength).
            </summary>
        </member>
        <member name="P:VG.Common.CharacteristicsAttribute.MaxDamage">
            <summary>
            Maximum damage of a defense
            </summary>
            <remarks>Number of Hit Point retrieved to other entities equal 1 to MaxDamage.</remarks>
        </member>
        <member name="P:VG.Common.CharacteristicsAttribute.DefenseDistance">
            <summary>
            Maximal distance to defend
            </summary>
        </member>
        <member name="P:VG.Common.CharacteristicsAttribute.Constitution">
            <summary>
            Number of hit points of the Nanobot when it is build
            </summary>
        </member>
        <member name="T:VG.Common.Properties.Resources">
            <summary>
              A strongly-typed resource class, for looking up localized strings, etc.
            </summary>
        </member>
        <member name="P:VG.Common.Properties.Resources.ResourceManager">
            <summary>
              Returns the cached ResourceManager instance used by this class.
            </summary>
        </member>
        <member name="P:VG.Common.Properties.Resources.Culture">
            <summary>
              Overrides the current thread's CurrentUICulture property for all
              resource lookups using this strongly typed resource class.
            </summary>
        </member>
        <member name="P:VG.Mission.NavigationObjective.NanoBotType">
            <summary>
            Type of the bot that must accomplish the different goals
            </summary>
            <remarks>If set to UNknown, any bot can accomplish the goals</remarks>
        </member>
        <member name="P:VG.Mission.NavigationObjective.NavPoints">
            <summary>
            Collection of goals to be accomplished by the bot
            </summary>
        </member>
        <member name="P:VG.Mission.NavigationObjective.Description">
            <summary>
            Full description of the mission. Appear in 3D Viewer also.
            </summary>
        </member>
        <member name="T:VG.Mission.AIAliveObjective">
            <summary>
            Objective for AI: must be alive at turn x
            </summary>
        </member>
        <member name="M:VG.Mission.AIAliveObjective.UpdateStatus(System.Int32,System.Int32,System.Int32,VG.Common.NanoBotInfo[])">
            <summary>
            Return the status of the objective for a player
            </summary>
            <param name="playerID">ID of the player</param>
            <param name="playerScore">Current Score of the player</param>
            <param name="turn">Current turn</param>
            <param name="bots">Array of bots in the tissue (including Pierre'Team)</param>
            <returns>Status of the objective for the player</returns>
        </member>
        <member name="P:VG.Mission.AIAliveObjective.AliveTurn">
            <summary>
            Which Turn AI must be alive
            </summary>
        </member>
        <member name="P:VG.Mission.AIAliveObjective.Description">
            <summary>
            Description
            </summary>
        </member>
        <member name="P:VG.Mission.AIAliveObjective.ID">
            <summary>
            Unique ID of the objective
            </summary>
        </member>
        <member name="T:VG.Common.PlayerCollection">
            <exclude />
        </member>
        <member name="M:VG.Common.PlayerCollection.Add(VG.Common.Player)">
            <summary>
            Ajoute un Player
            </summary>
            <param name="player">L'objet Player a ajouter</param>
        </member>
        <member name="M:VG.Common.PlayerCollection.getPlayerByID(System.Int32)">
            <summary>
            Retourne un Player de la collection suivant son ID
            </summary>
            <param name="PlayerID">L'ID du joueur recherché</param>
            <returns>Le player</returns>
        </member>
        <member name="M:VG.Common.PlayerCollection.getPlayerID(System.String)">
            <summary>
            Retourne un Player de la collection suivant son Name
            </summary>
            <param name="name">Nom du joueur</param>
            <returns>Le Player</returns>
        </member>
        <member name="M:VG.Common.PlayerCollection.RemovePlayerByID(System.Int32)">
            <summary>
            Supprime un joueur de la collection selon son ID
            </summary>
            <param name="PlayerID">L'ID du joueur</param>
            <returns>True si on a trouvé et retiré le joueur de la collection</returns>
        </member>
        <member name="P:VG.Common.PlayerCollection.Item(System.Int32)">
            <summary>
            Retourne un Player de la collection suivant son index
            </summary>
        </member>
        <member name="T:VG.Common.NanoBotValidator">
            <summary>
            Class helper to validate a player assembly
            </summary>
        </member>
        <member name="M:VG.Common.NanoBotValidator.Valid(System.Type)">
            <summary>
            Validate a Nanobot Type in the player assembly
            </summary>
            <param name="nanoBotType">Type to validate</param>
            <returns>If type is valid, return an instance of CharactericticsAttribute. Either, throw an exception</returns>
        </member>
        <member name="P:VG.Mission.Mission.Description">
            <summary>
            Summary of the briefing
            </summary>
        </member>
        <member name="P:VG.Mission.Mission.CommonVersion">
            <summary>
            Version of VG.Common needed to this briefing
            </summary>
            <remarks>If null, no check is done</remarks>
        </member>
        <member name="P:VG.Mission.Mission.Objectives">
            <summary>
            Collection of missions of the briefing
            </summary>
        </member>
        <member name="T:VG.Common.NanoBotCollection">
            <summary>
            Typed collection of Nanobot
            </summary>
            <remarks>Used by Player (Nanobots property)</remarks>
        </member>
        <member name="P:VG.Common.NanoBotCollection.Item(System.Int32)">
            <summary>
            get a Nanobot from the collection with it index
            </summary>
        </member>
        <member name="T:VG.Common.NanoAI">
            <summary>
            Class for the NanoAI. This class can't be inherited. The NanoAI is the main bot of your team. If it is destroyed, you loose the game. It is the only bot that can build other bot. It can move but can't defend.
            </summary>
        </member>
        <member name="M:VG.Common.NanoAI.Build(System.Type)">
            <summary>
            Use this method if you want your NanoAI build another Nanobot
            </summary>
            <param name="NanoType">Type of the Nanobot to build. Must be in your assembly and inherit Nanobot</param>
            <returns>True if NanoAI is WaitingOrders. Nanobot will be build next turn</returns>
            <remarks>If in the next turn, there is too many Nanobots in the game, the bot will not be added (and you'll loose one turn thinking for nothing).
            If you build a bot that inherit NanoNeddle or NanoBlocker, bot will be created at the position of your NanoAI. 
            Otherwise, it will becreated in the InjectionPoint.</remarks>
        </member>
        <member name="M:VG.Common.NanoAI.Build(System.Type,System.String)">
            <summary>
            Use this method if you want your NanoAI build another Nanobot
            </summary>
            <param name="NanoType">Type of the Nanobot to build. Must be in your assembly and inherit Nanobot. You set also the InternalName of the nanobot that will be created.</param>
            <param name="internalName"></param>
            <returns>True if NanoAI is WaitingOrders. Nanobot will be build next turn</returns>
            <remarks>If in the next turn, there is too many Nanobots in the game, the bot will not be added (and you'll loose one turn thinking for nothing).
            If you build a bot that inherit NanoNeddle or NanoBlocker, bot will be created at the position of your NanoAI. 
            Otherwise, it will becreated in the InjectionPoint.</remarks>
        </member>
        <member name="P:VG.Common.NanoAI.NanoBotType">
            <summary>
            Return  NanoBotTypeEnum.NanoAI
            </summary>
        </member>
        <member name="P:VG.Common.NanoAI.BuildingType">
            <summary>
            Le nom du type que le héro souhaite construire au tour suivant
            </summary>
        </member>
        <member name="T:VG.Common.InjectionPointInfo">
            <summary>
            Description résumée de InjectionPointInfo.
            </summary>
        </member>
        <member name="T:VG.Common.NanoBotType">
            <summary>
            Different types of Nanobots
            </summary>
        </member>
        <member name="F:VG.Common.NanoBotType.NanoNeedle">
            <summary>
            Can defend and stock AZN
            </summary>
        </member>
        <member name="F:VG.Common.NanoBotType.NanoExplorer">
            <summary>
            can move (faster than other nanobots)
            </summary>
        </member>
        <!-- Badly formed XML comment ignored for member "F:VG.Common.NanoBotType.NanoCollector" -->
        <!-- Badly formed XML comment ignored for member "F:VG.Common.NanoBotType.NanoAI" -->
        <member name="F:VG.Common.NanoBotType.NanoBlocker">
            <summary>
            slow other entities near it
            </summary>
        </member>
        <member name="F:VG.Common.NanoBotType.Unknown">
            <summary>
            Not used
            </summary>
        </member>
    </members>
</doc>
