NameP1;NameP2;WinnerID;ScoreP1;ScoreP2;NeedleP1;NeedleP2;BotsP1;BotsP2;ObjectifsP1;ObjectifsP2
43ee24ef-cc1c-44e6-8bcc-840d802f8fea.dll;82eecb51-049a-4d01-ac52-e7d4087460d7.dll;2;2200;2640;17;7;39;27;5;5
43ee24ef-cc1c-44e6-8bcc-840d802f8fea.dll;ce20b6da-5dd2-42f8-b99d-8387f338d39a.dll;1;3300;1545;18;3;39;26;5;5
43ee24ef-cc1c-44e6-8bcc-840d802f8fea.dll;d0cb3f4e-9815-45c6-b1a4-f5f807c28317.dll;1;3285;1533;20;6;39;31;5;3
82eecb51-049a-4d01-ac52-e7d4087460d7.dll;43ee24ef-cc1c-44e6-8bcc-840d802f8fea.dll;1;2460;1585;8;5;29;28;4;4
82eecb51-049a-4d01-ac52-e7d4087460d7.dll;ce20b6da-5dd2-42f8-b99d-8387f338d39a.dll;1;3300;1760;11;3;28;25;5;5
82eecb51-049a-4d01-ac52-e7d4087460d7.dll;d0cb3f4e-9815-45c6-b1a4-f5f807c28317.dll;1;3300;1630;11;7;28;32;5;3
ce20b6da-5dd2-42f8-b99d-8387f338d39a.dll;43ee24ef-cc1c-44e6-8bcc-840d802f8fea.dll;2;2200;3300;5;18;27;39;5;5
ce20b6da-5dd2-42f8-b99d-8387f338d39a.dll;82eecb51-049a-4d01-ac52-e7d4087460d7.dll;2;2420;2865;6;10;29;28;5;5
ce20b6da-5dd2-42f8-b99d-8387f338d39a.dll;d0cb3f4e-9815-45c6-b1a4-f5f807c28317.dll;1;3080;2195;9;8;31;35;5;5
d0cb3f4e-9815-45c6-b1a4-f5f807c28317.dll;43ee24ef-cc1c-44e6-8bcc-840d802f8fea.dll;2;1785;3300;8;20;34;39;5;5
d0cb3f4e-9815-45c6-b1a4-f5f807c28317.dll;82eecb51-049a-4d01-ac52-e7d4087460d7.dll;2;1765;3300;8;11;34;28;5;5
d0cb3f4e-9815-45c6-b1a4-f5f807c28317.dll;ce20b6da-5dd2-42f8-b99d-8387f338d39a.dll;2;1795;2860;12;8;36;30;5;5


Name;Points;TotalScore;TotalNeedles;TotalBots
43ee24ef-cc1c-44e6-8bcc-840d802f8fea.dll;4;16970;98;223
82eecb51-049a-4d01-ac52-e7d4087460d7.dll;6;17865;58;168
ce20b6da-5dd2-42f8-b99d-8387f338d39a.dll;2;13865;34;168
d0cb3f4e-9815-45c6-b1a4-f5f807c28317.dll;0;10703;49;202
