NameP1;NameP2;WinnerID;ScoreP1;ScoreP2;NeedleP1;NeedleP2;BotsP1;BotsP2;ObjectifsP1;ObjectifsP2
ce20b6da-5dd2-42f8-b99d-8387f338d39a.dll;d0cb3f4e-9815-45c6-b1a4-f5f807c28317.dll;1;3080;1785;9;8;32;30;5;5
ce20b6da-5dd2-42f8-b99d-8387f338d39a.dll;df35be82-b4d6-4789-b524-dd64cf22a60c.dll;1;3520;659;11;5;33;32;5;1
d0cb3f4e-9815-45c6-b1a4-f5f807c28317.dll;ce20b6da-5dd2-42f8-b99d-8387f338d39a.dll;2;1785;3080;8;9;30;31;5;5
d0cb3f4e-9815-45c6-b1a4-f5f807c28317.dll;df35be82-b4d6-4789-b524-dd64cf22a60c.dll;1;1395;400;11;0;35;22;4;1
df35be82-b4d6-4789-b524-dd64cf22a60c.dll;ce20b6da-5dd2-42f8-b99d-8387f338d39a.dll;2;689;3520;5;11;32;33;1;5
df35be82-b4d6-4789-b524-dd64cf22a60c.dll;d0cb3f4e-9815-45c6-b1a4-f5f807c28317.dll;2;400;1780;0;11;27;36;1;5


Name;Points;TotalScore;TotalNeedles;TotalBots
ce20b6da-5dd2-42f8-b99d-8387f338d39a.dll;4;13200;40;129
d0cb3f4e-9815-45c6-b1a4-f5f807c28317.dll;2;6745;38;131
df35be82-b4d6-4789-b524-dd64cf22a60c.dll;0;2148;10;113
