NameP1;NameP2;WinnerID;ScoreP1;ScoreP2;NeedleP1;NeedleP2;BotsP1;BotsP2;ObjectifsP1;ObjectifsP2
39e2d056-2ce1-4ea0-b77c-a0361c563ef5.dll;75846f14-80b1-478e-92a8-4ec5e3d10fd5.dll;2;2870;5225;10;23;27;39;4;5
39e2d056-2ce1-4ea0-b77c-a0361c563ef5.dll;d23c0b10-d113-4379-84eb-0d0c6fd21c31.dll;2;2450;4480;12;16;29;37;4;2
39e2d056-2ce1-4ea0-b77c-a0361c563ef5.dll;d5363bc6-aeb0-4747-b092-ef533fe1610a.dll;2;2450;4340;12;12;29;36;4;5
75846f14-80b1-478e-92a8-4ec5e3d10fd5.dll;39e2d056-2ce1-4ea0-b77c-a0361c563ef5.dll;1;5225;2870;23;10;39;27;5;4
75846f14-80b1-478e-92a8-4ec5e3d10fd5.dll;d23c0b10-d113-4379-84eb-0d0c6fd21c31.dll;1;5060;3280;31;9;39;32;4;3
75846f14-80b1-478e-92a8-4ec5e3d10fd5.dll;d5363bc6-aeb0-4747-b092-ef533fe1610a.dll;2;3220;4570;23;15;39;38;3;5
d23c0b10-d113-4379-84eb-0d0c6fd21c31.dll;39e2d056-2ce1-4ea0-b77c-a0361c563ef5.dll;1;3860;3110;13;15;35;32;2;4
d23c0b10-d113-4379-84eb-0d0c6fd21c31.dll;75846f14-80b1-478e-92a8-4ec5e3d10fd5.dll;2;1660;6540;3;25;25;39;2;5
d23c0b10-d113-4379-84eb-0d0c6fd21c31.dll;d5363bc6-aeb0-4747-b092-ef533fe1610a.dll;2;3720;5010;11;17;32;40;3;5
d5363bc6-aeb0-4747-b092-ef533fe1610a.dll;39e2d056-2ce1-4ea0-b77c-a0361c563ef5.dll;1;4340;2450;12;12;36;29;5;4
d5363bc6-aeb0-4747-b092-ef533fe1610a.dll;75846f14-80b1-478e-92a8-4ec5e3d10fd5.dll;1;4570;4120;15;23;38;39;5;5
d5363bc6-aeb0-4747-b092-ef533fe1610a.dll;d23c0b10-d113-4379-84eb-0d0c6fd21c31.dll;1;3680;3640;9;12;32;33;5;2


Name;Points;TotalScore;TotalNeedles;TotalBots
39e2d056-2ce1-4ea0-b77c-a0361c563ef5.dll;0;16200;71;173
75846f14-80b1-478e-92a8-4ec5e3d10fd5.dll;4;29390;148;234
d23c0b10-d113-4379-84eb-0d0c6fd21c31.dll;2;20640;64;194
d5363bc6-aeb0-4747-b092-ef533fe1610a.dll;6;26510;80;220
