NameP1;NameP2;WinnerID;ScoreP1;ScoreP2;NeedleP1;NeedleP2;BotsP1;BotsP2;ObjectifsP1;ObjectifsP2
436c0150-ef4c-4c79-85cc-58e82e9b33c8.dll;43ee24ef-cc1c-44e6-8bcc-840d802f8fea.dll;2;999;3520;4;21;16;39;2;5
436c0150-ef4c-4c79-85cc-58e82e9b33c8.dll;482a9178-da63-42a6-9bdb-7b4aaed8f90b.dll;2;983;3520;4;11;16;25;2;5
436c0150-ef4c-4c79-85cc-58e82e9b33c8.dll;82eecb51-049a-4d01-ac52-e7d4087460d7.dll;2;1015;3520;4;12;15;29;2;5
43ee24ef-cc1c-44e6-8bcc-840d802f8fea.dll;436c0150-ef4c-4c79-85cc-58e82e9b33c8.dll;1;3520;983;20;4;39;15;5;2
43ee24ef-cc1c-44e6-8bcc-840d802f8fea.dll;482a9178-da63-42a6-9bdb-7b4aaed8f90b.dll;1;3300;2200;13;5;35;19;5;5
43ee24ef-cc1c-44e6-8bcc-840d802f8fea.dll;82eecb51-049a-4d01-ac52-e7d4087460d7.dll;2;2205;2420;17;6;39;27;5;5
482a9178-da63-42a6-9bdb-7b4aaed8f90b.dll;436c0150-ef4c-4c79-85cc-58e82e9b33c8.dll;1;3520;1015;11;4;25;15;5;2
482a9178-da63-42a6-9bdb-7b4aaed8f90b.dll;43ee24ef-cc1c-44e6-8bcc-840d802f8fea.dll;2;2200;3300;5;17;19;39;5;5
482a9178-da63-42a6-9bdb-7b4aaed8f90b.dll;82eecb51-049a-4d01-ac52-e7d4087460d7.dll;2;2420;3080;6;9;20;28;5;5
82eecb51-049a-4d01-ac52-e7d4087460d7.dll;436c0150-ef4c-4c79-85cc-58e82e9b33c8.dll;1;3305;999;12;4;29;16;5;2
82eecb51-049a-4d01-ac52-e7d4087460d7.dll;43ee24ef-cc1c-44e6-8bcc-840d802f8fea.dll;1;2860;2200;8;6;28;28;5;5
82eecb51-049a-4d01-ac52-e7d4087460d7.dll;482a9178-da63-42a6-9bdb-7b4aaed8f90b.dll;1;3300;1800;10;5;29;19;5;4


Name;Points;TotalScore;TotalNeedles;TotalBots
436c0150-ef4c-4c79-85cc-58e82e9b33c8.dll;0;5994;24;93
43ee24ef-cc1c-44e6-8bcc-840d802f8fea.dll;4;18045;94;219
482a9178-da63-42a6-9bdb-7b4aaed8f90b.dll;2;15660;43;127
82eecb51-049a-4d01-ac52-e7d4087460d7.dll;6;18485;57;170
