NameP1;NameP2;WinnerID;ScoreP1;ScoreP2;NeedleP1;NeedleP2;BotsP1;BotsP2;ObjectifsP1;ObjectifsP2
40eac426-9cbd-416b-88b2-71ca640ef045.dll;af0e3196-9dc1-41d9-bb97-6d55e9af861b.dll;1;6980;2580;24;7;39;29;5;5
40eac426-9cbd-416b-88b2-71ca640ef045.dll;c683f84d-1f9b-4491-8dd3-77273aa5b1e1.dll;1;5000;4340;15;38;32;40;5;5
af0e3196-9dc1-41d9-bb97-6d55e9af861b.dll;40eac426-9cbd-416b-88b2-71ca640ef045.dll;2;2800;6760;8;23;30;40;5;5
af0e3196-9dc1-41d9-bb97-6d55e9af861b.dll;c683f84d-1f9b-4491-8dd3-77273aa5b1e1.dll;2;2800;4620;8;38;30;40;5;4
c683f84d-1f9b-4491-8dd3-77273aa5b1e1.dll;40eac426-9cbd-416b-88b2-71ca640ef045.dll;2;4560;4780;37;14;40;32;5;5
c683f84d-1f9b-4491-8dd3-77273aa5b1e1.dll;af0e3196-9dc1-41d9-bb97-6d55e9af861b.dll;1;3960;3680;13;13;20;35;4;5


Name;Points;TotalScore;TotalNeedles;TotalBots
40eac426-9cbd-416b-88b2-71ca640ef045.dll;4;23520;76;143
af0e3196-9dc1-41d9-bb97-6d55e9af861b.dll;0;11860;36;124
c683f84d-1f9b-4491-8dd3-77273aa5b1e1.dll;2;17480;126;140
